{"cameraMode":{"drawMode":0,"name":"Shaded","section":"Shading Mode"},"sceneLighting":true,"audioPlay":false,"sceneViewState":{"m_AlwaysRefresh":false,"showFog":true,"showSkybox":true,"showFlares":true,"showImageEffects":true,"showParticleSystems":true,"showVisualEffectGraphs":true,"m_FxEnabled":true},"in2DMode":false,"pivot":{"x":2.2330782413482668,"y":40.79700469970703,"z":-48.256656646728519},"rotation":{"x":0.34722548723220827,"y":0.00854328740388155,"z":-0.0018467664485797287,"w":0.937734842300415},"size":12.12435531616211,"orthographic":false}