{"cameraMode":{"drawMode":0,"name":"Shaded","section":"Shading Mode"},"sceneLighting":true,"audioPlay":false,"sceneViewState":{"m_AlwaysRefresh":false,"showFog":true,"showSkybox":true,"showFlares":true,"showImageEffects":true,"showParticleSystems":true,"showVisualEffectGraphs":true,"m_FxEnabled":true},"in2DMode":false,"pivot":{"x":-1.9232324361801148,"y":0.7209231853485107,"z":-1.0828899145126343},"rotation":{"x":-0.3126259446144104,"y":-0.1608084738254547,"z":0.05383528396487236,"w":-0.9345985651016235},"size":3.7887418270111086,"orthographic":false}